{
  "generated_at": "2026-05-21 12:11:24",
  "test_set": "2026 H1 hold-out",
  "n_test": 617,
  "SOP_v2": {
    "name": "SOP v2",
    "r2": -0.4707927347425207,
    "rho": 0.3364919386105949,
    "p": 8.459821814716656e-18,
    "mae": 16.74132921114569,
    "top10_p": 0.2459016393442623,
    "top30_p": 0.4594594594594595,
    "bot10_p": 0.32786885245901637,
    "bin_acc": 0.47487844408427876,
    "pred_range": [
      35.9,
      86.2
    ],
    "pred_std": 8.646830464409566
  },
  "SOP_v2_1": {
    "name": "SOP v2.1",
    "r2": -0.044997325695734336,
    "rho": 0.39330217620902497,
    "p": 2.929499426041361e-24,
    "mae": 13.708039144512446,
    "top10_p": 0.2459016393442623,
    "top30_p": 0.4864864864864865,
    "bot10_p": 0.32786885245901637,
    "bin_acc": 0.5834683954619124,
    "pred_range": [
      45.2,
      88.6
    ],
    "pred_std": 8.037214396054281
  },
  "delta_rho": 0.0568,
  "saiboshanxin": {
    "n": 222,
    "rho_v2": 0.189,
    "rho_v21": 0.1876
  },
  "style_match_holdout_rho": 0.3584,
  "viral_ending_ves_vs_composite_rho": 0.1858
}