{
  "SOP_v1": {
    "name": "SOP v1",
    "r2": -1.2075140567742655,
    "rho": 0.24663644874598284,
    "p": 5.295637050307073e-10,
    "mae": 18.40239008298824,
    "top10_p": 0.13114754098360656,
    "top30_p": 0.40540540540540543,
    "bot10_p": 0.22950819672131148,
    "bin_acc": 0.5672609400324149,
    "pred_range": [
      0.0,
      100.0
    ],
    "pred_std": 22.346037387350798
  },
  "SOP_v2": {
    "name": "SOP v2",
    "r2": -0.4707927347425209,
    "rho": 0.3365035787147203,
    "p": 8.436588248685468e-18,
    "mae": 16.741329211145693,
    "top10_p": 0.2459016393442623,
    "top30_p": 0.4594594594594595,
    "bot10_p": 0.32786885245901637,
    "bin_acc": 0.47487844408427876,
    "pred_range": [
      35.9,
      86.2
    ],
    "pred_std": 8.646830464409566
  },
  "critic_v2": {
    "name": "critic v2",
    "r2": -2.1876171349246074,
    "rho": 0.15844929927935036,
    "p": 7.723701959794603e-05,
    "mae": 24.75836048253426,
    "top10_p": 0.11475409836065574,
    "top30_p": 0.3675675675675676,
    "bot10_p": 0.19672131147540983,
    "bin_acc": 0.2901134521880065,
    "pred_range": [
      12.462528031095472,
      84.68961167054024
    ],
    "pred_std": 11.653831720012317
  }
}